datastore,path,file,size,moddate
CHIAPP02S1_VOL1,[CHIAPP02S1_VOL1] BEARASYNC1/,BEARASYNC1.vmdk,2.49378E+11,10/8/2015 14:56
CHIAPP02S1_VOL3,[CHIAPP02S1_VOL3] BEARDOC7/,BEARDOC7_1.vmdk,72611790848,10/2/2015 20:46
CHIAPP02S1_VOL4,[CHIAPP02S1_VOL4] BEARDOC8/,BEARDOC8_1.vmdk,72611790848,10/2/2015 20:46
CHIAPP02S2_VOL1,[CHIAPP02S2_VOL1] BEARJDIO11/,BEARJDIO11.vmdk,73125593088,10/1/2015 16:12
CHIAPP02S2_VOL1,[CHIAPP02S2_VOL1] BEARJDIO11/,BEARJDIO11_1.vmdk,75161927680,10/1/2015 17:16
QTXAPP02S1_VOL1,[QTXAPP02S1_VOL1] CBASYNC205/,CBASYNC205_1.vmdk,72746008576,11/25/2015 5:51
QTXAPP02S1_VOL2,[QTXAPP02S1_VOL2] CBASYNC206/,CBASYNC206_1.vmdk,72746008576,11/25/2015 6:04
QTXAPP02S1_VOL1,[QTXAPP02S1_VOL1] CBJEPROC100/,CBJEPROC100_1.vmdk,72746008576,12/10/2015 20:13
QTXAPP02S1_VOL2,[QTXAPP02S1_VOL2] CBJEPROC101/,CBJEPROC101_1.vmdk,72746008576,12/10/2015 20:20
DEVAPP01_VOL10,[DEVAPP01_VOL10] CentOS6-Basic-Template/,CentOS6-Basic-Template.vmdk,64424509440,10/20/2015 14:47
CHIAPP02S2_VOL3,[CHIAPP02S2_VOL3] chi-2k12tst-1/,chi-2k12tst-1.vmdk,64424509440,12/1/2015 20:34
CHIAPP02S2_VOL3,[CHIAPP02S2_VOL3] chi-2k12tst-1/,chi-2k12tst-1_1.vmdk,64424509440,12/1/2015 17:34
CHIAPP02S2_VOL4,[CHIAPP02S2_VOL4] chi-2k8tst-2/,chi-2k8tst-2.vmdk,75161927680,12/2/2015 12:32
CHIAPP02S2_VOL4,[CHIAPP02S2_VOL4] chi-2k8tst-2/,chi-2k8tst-2_1.vmdk,75161927680,12/2/2015 12:32
DEVAPP01_VOL9,[DEVAPP01_VOL9] dev-gn2012test/,dev-gn2012test.vmdk,64424509440,1/4/2016 17:03
DEVAPP01_VOL9,[DEVAPP01_VOL9] dev-gn2012test/,dev-gn2012test_1.vmdk,64424509440,1/4/2016 17:03
DEVAPP01_VOL9,[DEVAPP01_VOL9] dev-gntest2k12/,dev-gntest2k12.vmdk,64424509440,1/5/2016 13:08
DEVAPP01_VOL9,[DEVAPP01_VOL9] dev-gntest2k12/,dev-gntest2k12_1.vmdk,64424509440,1/5/2016 13:08
DEVAPP01_VOL9,[DEVAPP01_VOL9] DEVLM01/,DEVLM01_1.vmdk,64424509440,9/24/2015 17:22
DEVAPP01_VOL9,[DEVAPP01_VOL9] DEVLM02/,DEVLM02_1.vmdk,64424509440,9/24/2015 17:51
DEVAPP01_VOL9,[DEVAPP01_VOL9] dev-vartest2k12/,dev-vartest2k12.vmdk,64424509440,1/5/2016 15:10
DEVAPP01_VOL9,[DEVAPP01_VOL9] dev-vartest2k12/,dev-vartest2k12_1.vmdk,64424509440,1/5/2016 15:10
DEVAPP01_VOL5,[DEVAPP01_VOL5] GHQPIOpenChefBE01/,GHQPIOpenChefBE01.vmdk,64424509440,12/31/2015 18:46
DEVAPP01_VOL2,[DEVAPP01_VOL2] GHQTESTAPI01/,GHQTESTAPI01.vmdk,53687091200,12/5/2015 18:06
DEVAPP01_VOL1,[DEVAPP01_VOL1] GHQTESTAPI03/,GHQTESTAPI03.vmdk,53687091200,12/5/2015 18:06
DEVAPP01_VOL5,[DEVAPP01_VOL5] gn_ksdpitst/,gn_ksdpitst.vmdk,64424509440,1/21/2016 12:46
DEVAPP01_VOL5,[DEVAPP01_VOL5] gn_ksdpitst/,gn_ksdpitst_1.vmdk,64424509440,1/21/2016 12:45
DEVAPP01_VOL10,[DEVAPP01_VOL10] gn-2k12devtest/,gn-2k12devtest.vmdk,64424509440,1/6/2016 14:02
DEVAPP01_VOL10,[DEVAPP01_VOL10] gn-2k12devtest/,gn-2k12devtest_1.vmdk,64424509440,1/6/2016 14:03
CHIAPP02S1_VOL4,[CHIAPP02S1_VOL4] gn-chi2012-1/,gn-chi2012-1.vmdk,64424509440,12/8/2015 20:32
CHIAPP02S1_VOL4,[CHIAPP02S1_VOL4] gn-chi2012-1/,gn-chi2012-1_1.vmdk,64424509440,12/8/2015 19:55
CHIAPP02S2_VOL3,[CHIAPP02S2_VOL3] gn-chi2k12-3/,gn-chi2k12-3.vmdk,64424509440,12/14/2015 20:22
CHIAPP02S2_VOL3,[CHIAPP02S2_VOL3] gn-chi2k12-3/,gn-chi2k12-3_1.vmdk,64424509440,12/14/2015 19:59
CHIAPP01S2_VOL4,[CHIAPP01S2_VOL4] gn-chi2k12tst-4/,gn-chi2k12tst-4.vmdk,64424509440,12/22/2015 15:55
CHIAPP01S2_VOL4,[CHIAPP01S2_VOL4] gn-chi2k12tst-4/,gn-chi2k12tst-4_1.vmdk,64424509440,12/22/2015 15:55
CHIAPP02S2_VOL1,[CHIAPP02S2_VOL1] gn-chi2k8-1/,gn-chi2k8-1.vmdk,75161927680,12/9/2015 15:56
CHIAPP02S2_VOL1,[CHIAPP02S2_VOL1] gn-chi2k8-1/,gn-chi2k8-1_1.vmdk,75161927680,12/9/2015 15:56
CHIAPP02S1_VOL4,[CHIAPP02S1_VOL4] gn-chi2k8tst09/,gn-chi2k8tst09.vmdk,75161927680,1/6/2016 15:24
CHIAPP02S1_VOL4,[CHIAPP02S1_VOL4] gn-chi2k8tst09/,gn-chi2k8tst09_1.vmdk,75161927680,1/6/2016 15:24
CHIAPP01S2_VOL4,[CHIAPP01S2_VOL4] gn-chi2k8tst-2/,gn-chi2k8tst-2.vmdk,75161927680,12/17/2015 14:56
CHIAPP01S2_VOL4,[CHIAPP01S2_VOL4] gn-chi2k8tst-2/,gn-chi2k8tst-2_1.vmdk,75161927680,12/17/2015 14:57
CHIAPP02S2_VOL4,[CHIAPP02S2_VOL4] gn-chi2k8tst-5/,gn-chi2k8tst-5.vmdk,75161927680,1/5/2016 12:00
CHIAPP02S2_VOL4,[CHIAPP02S2_VOL4] gn-chi2k8tst-5/,gn-chi2k8tst-5_1.vmdk,75161927680,1/5/2016 12:00
CHIAPP02S2_VOL2,[CHIAPP02S2_VOL2] gn-chidev2k12-1/,gn-chidev2k12-1.vmdk,64424509440,12/17/2015 12:21
CHIAPP02S2_VOL2,[CHIAPP02S2_VOL2] gn-chidev2k12-1/,gn-chidev2k12-1_1.vmdk,64424509440,12/17/2015 11:46
CHIAPP02S2_VOL2,[CHIAPP02S2_VOL2] gn-chidev2k8-2/,gn-chidev2k8-2.vmdk,75161927680,12/17/2015 16:29
CHIAPP02S2_VOL2,[CHIAPP02S2_VOL2] gn-chidev2k8-2/,gn-chidev2k8-2_1.vmdk,75161927680,12/17/2015 16:29
CHIAPP02S2_VOL2,[CHIAPP02S2_VOL2] gn-chiroletest/,gn-chiroletest.vmdk,64424509440,1/15/2016 16:20
CHIAPP02S2_VOL2,[CHIAPP02S2_VOL2] gn-chiroletest/,gn-chiroletest_1.vmdk,64424509440,1/15/2016 16:05
CHIAPP01S2_VOL4,[CHIAPP01S2_VOL4] gn-chitest2/,gn-chitest2.vmdk,64424509440,12/17/2015 15:41
CHIAPP01S2_VOL4,[CHIAPP01S2_VOL4] gn-chitest2/,gn-chitest2_1.vmdk,64424509440,12/17/2015 15:42
DEVAPP01_VOL7,[DEVAPP01_VOL7] gn-dev2k12-15/,gn-dev2k12-15.vmdk,64424509440,1/5/2016 14:01
DEVAPP01_VOL7,[DEVAPP01_VOL7] gn-dev2k12-15/,gn-dev2k12-15_1.vmdk,64424509440,1/5/2016 14:01
DEVAPP01_VOL7,[DEVAPP01_VOL7] gn-dev2k12-3/,gn-dev2k12-3.vmdk,64424509440,12/14/2015 19:35
DEVAPP01_VOL7,[DEVAPP01_VOL7] gn-dev2k12-3/,gn-dev2k12-3_1.vmdk,64424509440,12/14/2015 19:35
DEVAPP01_VOL10,[DEVAPP01_VOL10] gn-dev2k12-9/,gn-dev2k12-9.vmdk,64424509440,1/5/2016 13:25
DEVAPP01_VOL10,[DEVAPP01_VOL10] gn-dev2k12-9/,gn-dev2k12-9_1.vmdk,64424509440,1/5/2016 13:25
DEVAPP01_VOL9,[DEVAPP01_VOL9] gn-dev2k12tst09/,gn-dev2k12tst09.vmdk,64424509440,1/5/2016 15:33
DEVAPP01_VOL9,[DEVAPP01_VOL9] gn-dev2k12tst09/,gn-dev2k12tst09_1.vmdk,64424509440,1/5/2016 15:34
DEVAPP01_VOL5,[DEVAPP01_VOL5] gn-dev2k8-1/,gn-dev2k8-1_1.vmdk,75161927680,12/9/2015 16:51
DEVAPP01_VOL5,[DEVAPP01_VOL5] gn-dev2k8-1/,gn-dev2k8-1_2.vmdk,75161927680,12/9/2015 16:50
DEVAPP01_VOL10,[DEVAPP01_VOL10] gn-dev2k8test/,gn-dev2k8test.vmdk,75161927680,1/7/2016 15:07
DEVAPP01_VOL10,[DEVAPP01_VOL10] gn-dev2k8test/,gn-dev2k8test_1.vmdk,75161927680,1/6/2016 13:44
DEVAPP01_VOL10,[DEVAPP01_VOL10] gn-dev2k8tst-11/,gn-dev2k8tst-11.vmdk,75161927680,1/5/2016 16:20
DEVAPP01_VOL10,[DEVAPP01_VOL10] gn-dev2k8tst-11/,gn-dev2k8tst-11_1.vmdk,75161927680,1/5/2016 16:20
DEVAPP01_VOL8,[DEVAPP01_VOL8] gn-devtest1/,gn-devtest1.vmdk,64424509440,12/9/2015 15:21
DEVAPP01_VOL8,[DEVAPP01_VOL8] gn-devtest1/,gn-devtest1_1.vmdk,64424509440,12/9/2015 15:21
DEVAPP01_VOL10,[DEVAPP01_VOL10] gn-devtst2k12-4/,gn-devtst2k12-4.vmdk,64424509440,12/18/2015 18:57
DEVAPP01_VOL10,[DEVAPP01_VOL10] gn-devtst2k12-4/,gn-devtst2k12-4_1.vmdk,64424509440,12/18/2015 18:57
DEVAPP01_VOL10,[DEVAPP01_VOL10] gn-dpi2k12tst/,gn-dpi2k12tst.vmdk,64424509440,1/15/2016 12:24
DEVAPP01_VOL10,[DEVAPP01_VOL10] gn-dpi2k12tst/,gn-dpi2k12tst_1.vmdk,64424509440,1/15/2016 12:24
DEVAPP01_VOL9,[DEVAPP01_VOL9] gn-dpi2k12tst2/,gn-dpi2k12tst2.vmdk,64424509440,1/15/2016 12:18
DEVAPP01_VOL9,[DEVAPP01_VOL9] gn-dpi2k12tst2/,gn-dpi2k12tst2_1.vmdk,64424509440,1/15/2016 12:19
DEVAPP01_VOL10,[DEVAPP01_VOL10] gn-dpitst2k12-3/,gn-dpitst2k12-3.vmdk,64424509440,1/15/2016 12:42
DEVAPP01_VOL10,[DEVAPP01_VOL10] gn-dpitst2k12-3/,gn-dpitst2k12-3_1.vmdk,64424509440,1/15/2016 12:42
DEVAPP01_VOL5,[DEVAPP01_VOL5] gn-kaseyatstdev/,gn-kaseyatstdev.vmdk,64424509440,1/21/2016 12:46
DEVAPP01_VOL5,[DEVAPP01_VOL5] gn-kaseyatstdev/,gn-kaseyatstdev_1.vmdk,64424509440,1/21/2016 12:46
QTWAPP01S1_VOL2,[QTWAPP01S1_VOL2] gn-noroletst2/,gn-noroletst2.vmdk,64424509440,1/15/2016 16:46
QTWAPP01S1_VOL2,[QTWAPP01S1_VOL2] gn-noroletst2/,gn-noroletst2_1.vmdk,64424509440,1/15/2016 16:30
QTWAPP01S2_VOL2,[QTWAPP01S2_VOL2] gn-qtw2k12-3/,gn-qtw2k12-3.vmdk,64424509440,12/17/2015 16:02
QTWAPP01S2_VOL2,[QTWAPP01S2_VOL2] gn-qtw2k12-3/,gn-qtw2k12-3_1.vmdk,64424509440,12/17/2015 16:02
QTWAPP01S1_VOL3,[QTWAPP01S1_VOL3] gn-qtwcodetest/,gn-qtwcodetest.vmdk,64424509440,1/15/2016 15:51
QTWAPP01S1_VOL3,[QTWAPP01S1_VOL3] gn-qtwcodetest/,gn-qtwcodetest_1.vmdk,64424509440,1/15/2016 13:42
QTWAPP01S1_VOL1,[QTWAPP01S1_VOL1] gn-qtwdev2k12-2/,gn-qtwdev2k12-2.vmdk,64424509440,12/17/2015 16:23
QTWAPP01S1_VOL1,[QTWAPP01S1_VOL1] gn-qtwdev2k12-2/,gn-qtwdev2k12-2_1.vmdk,64424509440,12/17/2015 16:07
QTWAPP01S1_VOL1,[QTWAPP01S1_VOL1] gn-qtwdev2k8/,gn-qtwdev2k8.vmdk,75161927680,1/6/2016 14:01
QTWAPP01S1_VOL1,[QTWAPP01S1_VOL1] gn-qtwdev2k8/,gn-qtwdev2k8_1.vmdk,75161927680,1/6/2016 14:01
QTWAPP01S2_VOL4,[QTWAPP01S2_VOL4] gn-qtwtst1/,gn-qtwtst1.vmdk,64424509440,12/18/2015 12:02
QTWAPP01S2_VOL4,[QTWAPP01S2_VOL4] gn-qtwtst1/,gn-qtwtst1_1.vmdk,64424509440,12/18/2015 12:03
QTWAPP01S2_VOL3,[QTWAPP01S2_VOL3] gn-qtwtst2k12-1/,gn-qtwtst2k12-1.vmdk,64424509440,1/4/2016 18:23
QTWAPP01S2_VOL3,[QTWAPP01S2_VOL3] gn-qtwtst2k12-1/,gn-qtwtst2k12-1_1.vmdk,64424509440,1/4/2016 18:03
QTXAPP02S1_VOL2,[QTXAPP02S1_VOL2] gn-qtx2k12-3/,gn-qtx2k12-3.vmdk,64424509440,12/14/2015 20:26
QTXAPP02S1_VOL2,[QTXAPP02S1_VOL2] gn-qtx2k12-3/,gn-qtx2k12-3_1.vmdk,64424509440,12/14/2015 20:02
QTWAPP01S2_VOL2,[QTWAPP01S2_VOL2] gn-qtx2k12-7/,gn-qtx2k12-7.vmdk,64424509440,1/5/2016 13:54
QTWAPP01S2_VOL2,[QTWAPP01S2_VOL2] gn-qtx2k12-7/,gn-qtx2k12-7_1.vmdk,64424509440,1/5/2016 13:39
QTXAPP02S1_VOL2,[QTXAPP02S1_VOL2] gn-qtxdev2k12-2/,gn-qtxdev2k12-2.vmdk,64424509440,12/17/2015 13:21
QTXAPP02S1_VOL2,[QTXAPP02S1_VOL2] gn-qtxdev2k12-2/,gn-qtxdev2k12-2_1.vmdk,64424509440,12/17/2015 13:05
DEVAPP01_VOL9,[DEVAPP01_VOL9] gn-roletest2k12/,gn-roletest2k12.vmdk,64424509440,1/15/2016 16:21
DEVAPP01_VOL9,[DEVAPP01_VOL9] gn-roletest2k12/,gn-roletest2k12_1.vmdk,64424509440,1/15/2016 16:21
DEVAPP01_VOL10,[DEVAPP01_VOL10] gn-roletest5/,gn-roletest5.vmdk,64424509440,1/15/2016 16:54
DEVAPP01_VOL10,[DEVAPP01_VOL10] gn-roletest5/,gn-roletest5_1.vmdk,64424509440,1/15/2016 16:54
DEVAPP01_VOL9,[DEVAPP01_VOL9] gn-roletest6/,gn-roletest6.vmdk,64424509440,1/15/2016 17:20
DEVAPP01_VOL9,[DEVAPP01_VOL9] gn-roletest6/,gn-roletest6_1.vmdk,64424509440,1/15/2016 17:20
DEVAPP01_VOL9,[DEVAPP01_VOL9] gn-upgtest1/,gn-upgtest1.vmdk,64424509440,1/21/2016 12:54
DEVAPP01_VOL9,[DEVAPP01_VOL9] gn-upgtest1/,gn-upgtest1_1.vmdk,64424509440,1/21/2016 12:53
DEVAPP01_VOL9,[DEVAPP01_VOL9] greg-2012tst-21/,greg-2012tst-21.vmdk,64424509440,11/30/2015 19:09
DEVAPP01_VOL9,[DEVAPP01_VOL9] greg-2012tst-21/,greg-2012tst-21_1.vmdk,64424509440,11/30/2015 19:09
DEVAPP01_VOL10,[DEVAPP01_VOL10] greg-2k12tst-20/,greg-2k12tst-20.vmdk,64424509440,11/30/2015 15:42
DEVAPP01_VOL10,[DEVAPP01_VOL10] greg-2k12tst-20/,greg-2k12tst-20_1.vmdk,64424509440,11/30/2015 15:42
QTXAPP02S1_VOL1,[QTXAPP02S1_VOL1] greg-qtx2k8-2/,greg-qtx2k8-2.vmdk,75161927680,12/1/2015 20:34
QTXAPP02S1_VOL1,[QTXAPP02S1_VOL1] greg-qtx2k8-2/,greg-qtx2k8-2_1.vmdk,75161927680,12/1/2015 20:34
QTXAPP01S2_VOL1,[QTXAPP01S2_VOL1] greg-qtx2k8tst1/,greg-qtx2k8tst1.vmdk,75161927680,10/30/2015 13:26
QTXAPP01S2_VOL1,[QTXAPP01S2_VOL1] greg-qtx2k8tst1/,greg-qtx2k8tst1_1.vmdk,75161927680,10/30/2015 13:26
QTXAPP01S2_VOL2,[QTXAPP01S2_VOL2] greg-qtxtest/,greg-qtxtest.vmdk,64424509440,10/23/2015 15:32
QTXAPP01S2_VOL2,[QTXAPP01S2_VOL2] greg-qtxtest/,greg-qtxtest_1.vmdk,64424509440,10/23/2015 15:22
DEVAPP01_VOL9,[DEVAPP01_VOL9] greg-test2k8-24/,greg-test2k8-24.vmdk,75161927680,11/30/2015 20:07
DEVAPP01_VOL9,[DEVAPP01_VOL9] greg-test2k8-24/,greg-test2k8-24_1.vmdk,75161927680,11/30/2015 20:07
DEVAPP01_VOL9,[DEVAPP01_VOL9] greg-tst2k12-26/,greg-tst2k12-26.vmdk,64424509440,11/30/2015 20:16
DEVAPP01_VOL9,[DEVAPP01_VOL9] greg-tst2k12-26/,greg-tst2k12-26_1.vmdk,64424509440,11/30/2015 20:16
DEVAPP01_VOL10,[DEVAPP01_VOL10] greg-tst2k12-29/,greg-tst2k12-29.vmdk,64424509440,12/1/2015 12:09
DEVAPP01_VOL10,[DEVAPP01_VOL10] greg-tst2k12-29/,greg-tst2k12-29_1.vmdk,64424509440,12/1/2015 12:09
DEVAPP01_VOL1,[DEVAPP01_VOL1] greg-tst2k12-31/,greg-tst2k12-31.vmdk,64424509440,11/30/2015 14:31
DEVAPP01_VOL1,[DEVAPP01_VOL1] greg-tst2k12-31/,greg-tst2k12-31_1.vmdk,64424509440,11/30/2015 14:31
DEVAPP01_VOL10,[DEVAPP01_VOL10] greg-tst2k8-11/,greg-tst2k8-11.vmdk,75161927680,12/1/2015 12:17
DEVAPP01_VOL10,[DEVAPP01_VOL10] greg-tst2k8-11/,greg-tst2k8-11_1.vmdk,75161927680,12/1/2015 12:17
DEVAPP01_VOL10,[DEVAPP01_VOL10] greg-tst2k8-22/,greg-tst2k8-22.vmdk,75161927680,11/6/2015 16:10
DEVAPP01_VOL10,[DEVAPP01_VOL10] greg-tst2k8-22/,greg-tst2k8-22_1.vmdk,75161927680,11/6/2015 16:10
DEVAPP01_VOL9,[DEVAPP01_VOL9] greg-tst2k8-23/,greg-tst2k8-23.vmdk,75161927680,12/1/2015 12:55
DEVAPP01_VOL9,[DEVAPP01_VOL9] greg-tst2k8-23/,greg-tst2k8-23_1.vmdk,75161927680,12/1/2015 12:55
DEVAPP01_VOL10,[DEVAPP01_VOL10] greg-tst2k8-30/,greg-tst2k8-30.vmdk,75161927680,12/1/2015 13:02
DEVAPP01_VOL10,[DEVAPP01_VOL10] greg-tst2k8-30/,greg-tst2k8-30_1.vmdk,75161927680,12/1/2015 13:02
QTXAPP01S1_VOL4,[QTXAPP01S1_VOL4] IACBATCH02/,IACBATCH02.vmdk,64424509440,10/13/2015 20:48
QTXAPP01S1_VOL4,[QTXAPP01S1_VOL4] IACBATCH02/,IACBATCH02_1.vmdk,64424509440,12/28/2015 16:56
DEVAPP01_VOL9,[DEVAPP01_VOL9] JT-scripttest/,JT-scripttest_1.vmdk,75161927680,2/24/2016 14:34
DEVAPP01_VOL9,[DEVAPP01_VOL9] JT-scripttest/,JT-scripttest_2.vmdk,75161927680,2/24/2016 14:34
DEVAPP01_VOL9,[DEVAPP01_VOL9] jt-scripttest2/,jt-scripttest2.vmdk,64424509440,2/24/2016 14:31
DEVAPP01_VOL9,[DEVAPP01_VOL9] jt-scripttest2/,jt-scripttest2_1.vmdk,64424509440,2/24/2016 14:31
QTXAPP02S1_VOL1,[QTXAPP02S1_VOL1] MAILSM1/,MAILSM1_1.vmdk,64424509440,11/5/2015 4:33
QTXAPP01S1_VOL3,[QTXAPP01S1_VOL3] MAILSM300/,MAILSM300_1.vmdk,64424509440,11/4/2015 5:38
QTXAPP01S1_VOL3,[QTXAPP01S1_VOL3] MAILSM300/,MAILSM300_2.vmdk,64424509440,11/4/2015 6:09
DEVAPP01_VOL3,[DEVAPP01_VOL3] mwprdtst12171/,mwprdtst12171.vmdk,64424509440,12/17/2015 23:49
DEVAPP01_VOL3,[DEVAPP01_VOL3] mwprdtst12181/,mwprdtst12181.vmdk,64424509440,12/18/2015 19:45
DEVAPP01_VOL9,[DEVAPP01_VOL9] mwtest12-15-1/,mwtest12-15-1.vmdk,64424509440,12/15/2015 17:13
DEVAPP01_VOL10,[DEVAPP01_VOL10] mwtest12-15-2/,mwtest12-15-2.vmdk,64424509440,12/15/2015 17:13
DEVAPP01_VOL10,[DEVAPP01_VOL10] mwtest12-15-3/,mwtest12-15-3.vmdk,64424509440,12/15/2015 18:28
DEVAPP01_VOL10,[DEVAPP01_VOL10] mwtest12-15-4/,mwtest12-15-4.vmdk,64424509440,12/15/2015 18:28
DEVAPP01_VOL9,[DEVAPP01_VOL9] mwtest12-15-5/,mwtest12-15-5.vmdk,64424509440,12/16/2015 23:20
DEVAPP01_VOL10,[DEVAPP01_VOL10] mwtest12-3-2/,mwtest12-3-2.vmdk,64424509440,12/4/2015 18:34
DEVAPP01_VOL9,[DEVAPP01_VOL9] mwtest12-3-3/,mwtest12-3-3.vmdk,64424509440,12/4/2015 18:30
DEVAPP01_VOL10,[DEVAPP01_VOL10] mwtest12-3-4/,mwtest12-3-4.vmdk,64424509440,12/4/2015 18:09
DEVAPP01_VOL9,[DEVAPP01_VOL9] mwtest12-3-5/,mwtest12-3-5.vmdk,64424509440,12/4/2015 17:58
DEVAPP01_VOL10,[DEVAPP01_VOL10] mwtest12-3-6/,mwtest12-3-6.vmdk,64424509440,12/4/2015 17:43
DEVAPP01_VOL9,[DEVAPP01_VOL9] mwtest12-4-1/,mwtest12-4-1.vmdk,64424509440,12/4/2015 19:36
DEVAPP01_VOL10,[DEVAPP01_VOL10] MWTMP126-1/,MWTMP126-1.vmdk,80530636800,1/28/2016 18:36
QTXAPP02S1_VOL2,[QTXAPP02S1_VOL2] QTMMAP10/,QTMMAP10_1.vmdk,72746008576,11/9/2015 4:32
QTXAPP02S1_VOL2,[QTXAPP02S1_VOL2] QTMMAP3/,QTMMAP3_1.vmdk,72746008576,12/3/2015 16:14
QTXAPP02S1_VOL1,[QTXAPP02S1_VOL1] QTMMAP4/,QTMMAP4_1.vmdk,72746008576,12/3/2015 16:15
QTXAPP02S1_VOL1,[QTXAPP02S1_VOL1] QTMMAP5/,QTMMAP5_1.vmdk,72746008576,12/3/2015 16:14
QTXAPP01S2_VOL2,[QTXAPP01S2_VOL2] QTMMAP6/,QTMMAP6_2.vmdk,75161927680,12/6/2015 3:56
QTWSOLR01S1_VOL4,[QTWSOLR01S1_VOL4] qtwhvvm1/,qtwhvvm1_1.vmdk,502,5/20/2014 14:06
QTWAPP02S1_VOL1,[QTWAPP02S1_VOL1] REBELDOC7/,REBELDOC7_1.vmdk,72746008576,9/17/2015 19:01
QTWAPP02S2_VOL2,[QTWAPP02S2_VOL2] REBELJDIO10/,REBELJDIO10_1.vmdk,72746008576,9/17/2015 18:35
QTWAPP02S1_VOL1,[QTWAPP02S1_VOL1] REBELJDIO13/,REBELJDIO13_1.vmdk,72746008576,9/17/2015 18:15
QTWAPP02S1_VOL2,[QTWAPP02S1_VOL2] REBELJDIO14/,REBELJDIO14_1.vmdk,72746008576,9/17/2015 20:59
QTWAPP02S1_VOL3,[QTWAPP02S1_VOL3] REBELJDIO15/,REBELJDIO15_1.vmdk,72746008576,9/18/2015 2:56
QTWAPP02S1_VOL1,[QTWAPP02S1_VOL1] REBELJDIO3/,REBELJDIO3_1.vmdk,72746008576,9/18/2015 14:33
QTWAPP02S1_VOL2,[QTWAPP02S1_VOL2] REBELJDIO4/,REBELJDIO4_1.vmdk,72746008576,9/18/2015 15:39
QTWAPP02S1_VOL3,[QTWAPP02S1_VOL3] REBELJDIO5/,REBELJDIO5_1.vmdk,72746008576,9/18/2015 15:28
QTWAPP02S1_VOL4,[QTWAPP02S1_VOL4] REBELJDIO6/,REBELJDIO6_1.vmdk,72746008576,9/18/2015 15:47
QTWAPP02S2_VOL1,[QTWAPP02S2_VOL1] REBELJDIO7/,REBELJDIO7_1.vmdk,72746008576,9/18/2015 16:50
QTWAPP02S2_VOL3,[QTWAPP02S2_VOL3] REBELJDIO9/,REBELJDIO9_1.vmdk,72746008576,9/18/2015 16:40
DEVAPP01_VOL9,[DEVAPP01_VOL9] testcopy7/,testcopy7_1-000001.vmdk,64424509440,10/14/2015 16:14
DEVAPP01_VOL9,[DEVAPP01_VOL9] testcopy7/,testcopy7-000001.vmdk,64424509440,10/14/2015 16:14
DEVAPP01_VOL10,[DEVAPP01_VOL10] vmtoolupgtest1/,vmtoolupgtest1.vmdk,64424509440,11/25/2015 13:43
DEVAPP01_VOL10,[DEVAPP01_VOL10] vmtoolupgtest1/,vmtoolupgtest1_1.vmdk,64424509440,11/25/2015 13:43
MGMTGUEST2,[MGMTGUEST2] vThunder 4.0 GA/,vThunder 4.0 GA.vmdk,12884901888,2/19/2016 16:37
DEVAPP01_VOL8,[DEVAPP01_VOL8] Win2012R2-Test/,Win2012R2-Test.vmdk,64424509440,5/14/2015 13:51
DEVAPP01_VOL8,[DEVAPP01_VOL8] Win2012R2-Test/,Win2012R2-Test_1.vmdk,64424509440,5/14/2015 13:51
